Bacteroides_dorei	Faecalibacterium_prausnitzii	Alistipes_putredinis	Bacteroides_fragilis	Eubacterium_siraeum	Ruminococcus_bromii	Collinsella_aerofaciens	Eubacterium_sp_CAG_251	Oscillibacter_sp_CAG_241	Ruminococcus_bicirculans	Bifidobacterium_adolescentis	Eubacterium_rectale	Fusicatenibacter_saccharivorans	Bifidobacterium_longum	Escherichia_coli	Eubacterium_eligens	Eubacterium_ventriosum	Dorea_longicatena	Streptococcus_salivarius	Eubacterium_hallii	Flavonifractor_plautii	Roseburia_intestinalis	Anaerostipes_hadrus	Coprococcus_comes	Roseburia_hominis	Oscillibacter_sp_57_20	Coprococcus_eutactus	Adlercreutzia_equolifaciens	Alistipes_inops	Bacteroides_vulgatus	Prevotella_copri	Alistipes_finegoldii	Agathobaculum_butyriciproducens	Bacteroides_eggerthii	Bacteroides_uniformis	Prevotella_sp_CAG_1031	Ruminococcus_sp_CAG_579	Firmicutes_bacterium_CAG_110	Bacteroides_intestinalis	Parasutterella_excrementihominis	Bacteroides_caccae	Parabacteroides_merdae	Bacteroides_clarus	Alistipes_shahii	Firmicutes_bacterium_CAG_95	Barnesiella_intestinihominis	Gemmiger_formicilis	Proteobacteria_bacterium_CAG_139	Turicimonas_muris	Firmicutes_bacterium_CAG_238	Firmicutes_bacterium_CAG_170	Roseburia_sp_CAG_182	Bacteroides_ovatus	Oscillibacter_sp_PC13	Alistipes_indistinctus	Alistipes_onderdonkii	Bifidobacterium_angulatum	Bifidobacterium_pseudocatenulatum	Bifidobacterium_bifidum	Actinomyces_odontolyticus	Actinomyces_sp_oral_taxon_448	Actinomyces_sp_HMSC035G02	Clostridium_sp_CAG_58	Atopobium_parvulum	Actinomyces_graevenitzii	Monoglobus_pectinilyticus	Olsenella_scatoligenes	Turicibacter_sanguinis	Ruminococcus_sp_CAG_330	Lactobacillus_sakei	Mogibacterium_diversum	Bacteroides_xylanisolvens	Ruminococcus_sp_CAG_488	Bacteroides_stercoris	Bacteroides_massiliensis	Slackia_isoflavoniconvertens	Dialister_sp_CAG_357	Bacteroides_plebeius	Lactobacillus_ruminis	Bifidobacterium_breve	Megasphaera_elsdenii	Bifidobacterium_catenulatum	Bifidobacterium_dentium	Prevotella_stercorea	Prevotella_bivia	Butyrivibrio_crossotus	Eubacterium_sp_CAG_180	Paraprevotella_xylaniphila	Phascolarctobacterium_sp_CAG_266	Bacteroides_sp_CAG_927	Bacteroides_faecis	Bacteroides_sp_CAG_598	Catabacter_hongkongensis	Coprobacillus_cateniformis	Bacteroides_coprocola	Phascolarctobacterium_succinatutens	Anaerotignum_lactatifermentans	Eisenbergiella_tayi	Prevotella_corporis	Campylobacter_concisus	Veillonella_rogosae	Bacteroides_faecis_CAG_32	Alistipes_timonensis	Anaerotruncus_sp_CAG_528	Faecalicoccus_pleomorphus	Parvimonas_micra	Streptococcus_cristatus	Eubacterium_brachy	Parabacteroides_johnsonii	Lactobacillus_amylovorus	Clostridium_disporicum	Lactobacillus_fermentum	Lactobacillus_johnsonii	Lactobacillus_rhamnosus	Eisenbergiella_massiliensis	Enterococcus_faecium	Enterobacter_cloacae_complex	Streptococcus_lutetiensis	Fusobacterium_ulcerans	Blautia_hansenii	Lactobacillus_crispatus	Parascardovia_denticolens	Enterobacter_mori	Lactobacillus_paragasseri	Gemella_morbillorum	Streptococcus_milleri	Klebsiella_variicola	Klebsiella_quasipneumoniae	Prevotella_sp_CAG_1185	Bacteroides_sp_CAG_443	Enterococcus_durans	Haemophilus_sputorum	Desulfovibrionaceae_bacterium	Faecalitalea_cylindroides	Ruminococcaceae_bacterium_D5	Methanobrevibacter_smithii	Flavonifractor_sp_An10	Comamonas_kerstersii	Sanguibacteroides_justesenii	Mitsuokella_jalaludinii	Ruminococcus_sp_CAG_403	Fusobacterium_sp_CAG_439	Ruminococcus_obeum_CAG_39	Bacteroides_faecichinchillae	Prevotella_sp_CAG_520	Dialister_succinatiphilus	Actinomyces_turicensis	Clostridium_sp_CAG_964	Atopobium_minutum	Fusobacterium_nucleatum	Clostridium_ventriculi	Citrobacter_freundii	Prevotella_sp_CAG_485	Megamonas_funiformis	Pseudomonas_fragi	Prevotella_timonensis	Blastocystis_sp_subtype_1	Parabacteroides_sp_CAG_409	Succinatimonas_hippei	Allisonella_histaminiformans	Prevotella_sp_AM42_24	Eubacterium_sp_OM08_24	Corynebacterium_argentoratense	Prevotella_buccalis	Lachnospiraceae_bacterium_2_1_46FAA	Porphyromonas_sp_HMSC065F10	Peptoniphilus_lacrimalis	Porphyromonas_asaccharolytica	Porphyromonas_uenonis	Clostridium_sp_CAG_242	Oribacterium_sinus	Weissella_confusa	Mitsuokella_multacida	Bacteroides_stercorirosoris	Clostridium_sp_CAG_632	Bifidobacterium_pullorum	Catenibacterium_mitsuokai	Methanosphaera_stadtmanae	Cloacibacillus_porcorum	Prevotella_sp_885	Prevotella_sp_CAG_5226	Lactobacillus_mucosae	Sharpea_azabuensis	Clostridium_sp_CAG_590	Streptococcus_parauberis	Enterococcus_italicus	Oxalobacter_formigenes	Butyrivibrio_sp_CAG_318	Lactococcus_petauri	Lactococcus_garvieae	Citrobacter_braakii	Bacteroides_sp_CAG_530	Lactobacillus_helveticus	Clostridium_sp_CAG_413	Anaerobiospirillum_thomasii	Raoultella_planticola	Weissella_cibaria	Streptococcus_infantarius	Streptococcus_macedonicus	Lactobacillus_salivarius	Firmicutes_bacterium_CAG_791	Clavibacter_michiganensis	Leuconostoc_pseudomesenteroides	Bacteroides_coprophilus	Klebsiella_aerogenes	Clostridium_perfringens	Citrobacter_youngae	Eubacterium_coprostanoligenes	Aggregatibacter_segnis	Actinobaculum_sp_oral_taxon_183	Eubacterium_sp_CAG_786	Firmicutes_bacterium_CAG_555	Citrobacter_portucalensis	Scardovia_wiggsiae	Clostridium_sp_CAG_411	Clostridiales_bacterium_CHKCI006	Moellerella_wisconsensis	Leuconostoc_lactis	Raoultella_ornithinolytica	Leuconostoc_citreum	Alloscardovia_omnicolens	Acidaminococcus_sp_CAG_542	Lachnospiraceae_bacterium_oral_taxon_096	Klebsiella_michiganensis	Enterobacter_bugandensis	Entamoeba_dispar	Acidaminococcus_fermentans	Kluyvera_cryocrescens	Lactobacillus_reuteri	Aggregatibacter_aphrophilus	Acinetobacter_pittii	Bacillus_aerius	Citrobacter_werkmanii	Bacteroides_sp_CAG_462	Weissella_viridescens	Candidatus_Stoquefichus_sp_KLE1796	Lachnoclostridium_sp_An14	Escherichia_fergusonii	Citrobacter_amalonaticus	Lactobacillus_gastricus	Lactobacillus_panis	Gardnerella_vaginalis	Actinomyces_urogenitalis	Firmicutes_bacterium_CAG_534	Lactobacillus_animalis	Campylobacter_gracilis	Anaerococcus_vaginalis	Absiella_dolichum	Eubacterium_dolichum_CAG_375	Firmicutes_bacterium_CAG_646	Bacteroidetes_bacterium_oral_taxon_272	Parabacteroides_gordonii	Prevotella_sp_CAG_617	Fusobacterium_naviforme	Ruminococcus_sp_CAG_624	Clostridium_celatum	Salmonella_enterica	Kosakonia_cowanii	Enterococcus_casseliflavus	Pseudomonas_aeruginosa_group
