Prevotella_copri	Roseburia_faecis	Ruminococcus_bromii	Eubacterium_eligens	Lachnospira_pectinoschiza	Bacteroides_coprocola	Coprococcus_comes	Parabacteroides_merdae	Eubacterium_sp_CAG_38	Barnesiella_intestinihominis	Firmicutes_bacterium_CAG_95	Roseburia_inulinivorans	Parabacteroides_distasonis	Collinsella_aerofaciens	Dorea_longicatena	Ruminococcus_bicirculans	Methanobrevibacter_smithii	Ruminococcus_torques	Alistipes_finegoldii	Eubacterium_hallii	Bacteroides_ovatus	Eubacterium_ventriosum	Eubacterium_siraeum	Dorea_formicigenerans	Akkermansia_muciniphila	Eubacterium_sp_CAG_180	Blautia_wexlerae	Bacteroides_uniformis	Blautia_obeum	Catenibacterium_mitsuokai	Eubacterium_ramulus	Parabacteroides_sp_CAG_409	Phascolarctobacterium_sp_CAG_266	Eubacterium_sp_CAG_274	Alistipes_inops	Bacteroides_clarus	Coprobacter_fastidiosus	Bifidobacterium_longum	Flavonifractor_plautii	Clostridium_clostridioforme	Bacteroides_intestinalis	Bacteroides_sp_CAG_598	Bacteroides_eggerthii	Bacteroides_faecis_CAG_32	Firmicutes_bacterium_CAG_238	Bifidobacterium_pseudocatenulatum	Bacteroides_massiliensis	Bacteroides_sp_CAG_661	Bacteroides_sp_CAG_633	Butyrivibrio_sp_CAG_318	Prevotella_sp_CAG_617	Prevotella_sp_CAG_279	Clostridium_sp_CAG_413	Bacteroides_cellulosilyticus	Clostridium_sp_CAG_411	Anaerotruncus_sp_CAG_528	Eubacterium_sp_CAG_786	Bacteroides_pectinophilus	Bacteroides_finegoldii	Bacteroides_sp_OM08_11	Parabacteroides_johnsonii	Alistipes_sp_CAG_831	Prevotella_sp_CAG_1185	Prevotella_sp_CAG_1124	Bacteroides_salyersiae	Prevotella_stercorea	Bifidobacterium_dentium	Dialister_succinatiphilus	Clostridium_sp_CAG_242	Phascolarctobacterium_faecium	Bacteroides_plebeius	Acidaminococcus_intestini	Fusobacterium_sp_CAG_439	Brachyspira_sp_CAG_700	Ruminococcus_sp_CAG_579	Prevotella_sp_CAG_1058	Prevotella_sp_CAG_5226	Erysipelatoclostridium_ramosum	Ruminococcus_sp_CAG_624	Prevotella_sp_CAG_924	Lactobacillus_acidophilus	Megamonas_funiformis	Megamonas_hypermegale	Prevotella_sp_CAG_873	Bacteroides_sp_CAG_927	Bifidobacterium_animalis	Eubacterium_pyruvativorans	Parvimonas_sp_KA00067	Streptococcus_gallolyticus	Eubacterium_limosum	Streptococcus_mutans	Pyramidobacter_piscolens	Megamonas_rupellensis	Dialister_pneumosintes	Eubacterium_sulci	Streptococcus_peroris	Saccharomyces_cerevisiae	Citrobacter_koseri	Citrobacter_braakii	Peptostreptococcus_anaerobius	Romboutsia_hominis	Anaerostipes_sp_992a	Lactonifactor_longoviformis	Anaerostipes_caccae	Eubacterium_callanderi	Bifidobacterium_saeculare	Bifidobacterium_gallinarum	Lactobacillus_amylovorus	Mediterranea_sp_An20	Fusobacterium_ulcerans	Fusobacterium_varium	Clostridium_butyricum	Lachnoclostridium_sp_An14	Anaerococcus_vaginalis	Proteus_mirabilis	Peptoniphilus_coxii	Peptoniphilus_sp_HMSC062D09	Finegoldia_magna	Mogibacterium_timidum	Lactobacillus_pentosus	Bifidobacterium_kashiwanohense	Megasphaera_micronuciformis	Scardovia_wiggsiae	Staphylococcus_aureus	Veillonella_sp_CAG_933	Enterococcus_gallinarum	Klebsiella_variicola_CAG_634	Campylobacter_coli	Lactobacillus_johnsonii	Bavariicoccus_seileri	Desulfovibrio_fairfieldensis	Peptoniphilus_harei	Gemella_asaccharolytica	Lactobacillus_iners	Lactobacillus_nodensis	Lactobacillus_helveticus	Clostridium_ventriculi	Streptococcus_milleri	Leuconostoc_gelidum	Clostridium_hylemonae	Staphylococcus_succinus	Porphyromonas_sp_HMSC065F10	Peptoniphilus_sp_BV3C26	Gemmiger_sp_An87	Lactococcus_piscium	Leuconostoc_carnosum	Campylobacter_concisus	Leuconostoc_pseudomesenteroides	Rothia_dentocariosa	Streptococcus_lutetiensis	Klebsiella_aerogenes	Morganella_morganii	Parascardovia_denticolens	Lachnoanaerobaculum_saburreum	Lactobacillus_oris	Bifidobacterium_scardovii	Pediococcus_acidilactici	Eubacterium_sp_An11	Campylobacter_showae	Megasphaera_sp_DISK_18	Veillonella_seminalis	Lactobacillus_vaginalis	Lachnospiraceae_bacterium_2_1_46FAA	Anaeroglobus_geminatus	Clostridioides_difficile	Enterococcus_hirae	Citrobacter_amalonaticus	Enterococcus_avium	Corynebacterium_argentoratense	Clostridium_sp_7_2_43FAA	Murimonas_intestini	Anaerofustis_stercorihominis	Acinetobacter_idrijaensis	Bacteroides_stercorirosoris	Lachnoclostridium_sp_An181	Slackia_exigua	Staphylococcus_saprophyticus	Phyllobacterium_myrsinacearum	Parvimonas_sp_oral_taxon_393	Peptostreptococcus_sp_MV1	Lachnoclostridium_sp_An169	Erysipelothrix_larvae	Eubacterium_saphenum	Fusobacterium_sp_oral_taxon_370	Lachnoclostridium_sp_An196	Megasphaera_stantonii	Streptococcus_pseudopneumoniae	Streptococcus_sp_HMSC067H01	Paraclostridium_bifermentans	Macrococcus_caseolyticus	Anaeromassilibacillus_sp_An172	Sneathia_amnii	Dialister_micraerophilus	Aggregatibacter_aphrophilus	Pyramidobacter_sp_C12_8	Citrobacter_gillenii
