Faecalibacterium_prausnitzii	Eubacterium_rectale	Bacteroides_uniformis	Bacteroides_vulgatus	Anaerostipes_hadrus	Eubacterium_eligens	Ruminococcus_bromii	Bifidobacterium_pseudocatenulatum	Bacteroides_dorei	Collinsella_aerofaciens	Bifidobacterium_longum	Alistipes_finegoldii	Bifidobacterium_adolescentis	Roseburia_intestinalis	Veillonella_parvula	Prevotella_sp_CAG_279	Ruminococcus_gnavus	Bacteroides_fragilis	Eubacterium_sp_CAG_180	Phascolarctobacterium_succinatutens	Akkermansia_muciniphila	Bacteroides_sp_CAG_443	Alistipes_putredinis	Bacteroides_eggerthii	Firmicutes_bacterium_CAG_110	Dialister_succinatiphilus	Bacteroides_faecis	Butyrivibrio_sp_CAG_318	Bacteroides_faecis_CAG_32	Prevotella_sp_CAG_485	Prevotella_sp_AM42_24	Acidaminococcus_intestini	Bacteroides_sp_CAG_598	Anaerotruncus_sp_CAG_528	Prevotella_sp_CAG_873	Lactobacillus_amylovorus	Blautia_coccoides	Bacteroides_sp_CAG_530	Prevotella_sp_CAG_1092	Bacteroides_sp_CAG_927	Prevotella_sp_CAG_1031	Rhodococcus_erythropolis	Rhodococcus_qingshengii	Phyllobacterium_myrsinacearum	Streptococcus_massiliensis	Actinomyces_oris	Granulicatella_adiacens	Clostridium_baratii	Anaerofustis_stercorihominis	Escherichia_fergusonii	Bifidobacterium_pullorum	Bifidobacterium_gallinarum	Bifidobacterium_saeculare	Anaeromassilibacillus_sp_An172	Atopobium_vaginae	Parvimonas_sp_KA00067	Dialister_micraerophilus	Mageeibacillus_indolicus	Prevotella_colorans	Fusobacterium_equinum	Gemmiger_sp_An87	Bacteroides_fluxus	Pediococcus_pentosaceus	Staphylococcus_carnosus	Actinomyces_viscosus	Actinomyces_sp_oral_taxon_448	Actinobaculum_sp_oral_taxon_183	Lactobacillus_brevis	Lactobacillus_buchneri	Stomatobaculum_longum	Actinomyces_sp_oral_taxon_180	Atopobium_rimae	Lactobacillus_saerimneri	Alistipes_sp_CAG_831	Mediterranea_sp_An20	Barnesiella_viscericola	Lactobacillus_algidus	Kluyvera_cryocrescens	Anaerococcus_vaginalis	Eubacterium_brachy	Oribacterium_parvum	Eubacterium_infirmum	Mogibacterium_timidum	Leuconostoc_lactis	Enterococcus_hirae	Streptococcus_pneumoniae	Acinetobacter_towneri	Acinetobacter_junii	Clostridium_hylemonae	Gemella_asaccharolytica	Fusobacterium_sp_oral_taxon_370	Achromobacter_xylosoxidans	Morganella_morganii	Clostridium_neonatale	Actinomyces_naeslundii	Citrobacter_farmeri	Enterococcus_avium	Campylobacter_ureolyticus	Proteus_mirabilis	Actinobaculum_massiliense	Aeromonas_veronii	Kluyvera_georgiana	Aeromonas_media	Proteus_hauseri	Eubacterium_saphenum	Selenomonas_artemidis	Macrococcus_caseolyticus	Parascardovia_denticolens	Pedobacter_nutrimenti	Lactobacillus_alimentarius	Lactococcus_raffinolactis	Corynebacterium_durum	Actinomyces_sp_oral_taxon_414	Bifidobacterium_scardovii	Citrobacter_europaeus	Terrisporobacter_othiniensis	Leuconostoc_citreum	Lactococcus_garvieae	Staphylococcus_succinus	Porphyromonas_sp_HMSC065F10	Gemmiger_sp_An194	Bifidobacterium_thermacidophilum	Lactobacillus_agilis	Lactobacillus_harbinensis	Eikenella_corrodens	Chlamydia_ibidis	Bifidobacterium_pseudolongum	Lactobacillus_hilgardii	Achromobacter_denitrificans	Lactobacillus_johnsonii	Achromobacter_ruhlandii	Propionibacterium_acidifaciens	Fusobacterium_naviforme	Paeniclostridium_sordellii	Citrobacter_amalonaticus	Streptococcus_viridans	Prevotella_sp_CAG_1320	Methanosphaera_cuniculi	Peptostreptococcus_sp_MV1	Prevotella_intermedia	Porphyromonas_endodontalis	Bacteroides_coagulans	Slackia_exigua	Enterococcus_casseliflavus	Actinotignum_schaalii	Veillonella_seminalis	Clostridioides_difficile	Lactobacillus_pentosus	Selenomonas_sp_F0473	Peptococcus_niger	Bacteroidales_bacterium_KA00251	Veillonellaceae_bacterium_DNF00626	Peptoniphilus_lacrimalis	Prevotella_sp_S7_1_8	Campylobacter_curvus	Lactobacillus_parafarraginis	Fusobacterium_periodonticum	Serratia_liquefaciens	Veillonella_rodentium	Haemophilus_quentini	Weissella_thailandensis	Streptococcus_agalactiae	Gemmiger_sp_An50	Parvimonas_sp_oral_taxon_393	Enterococcus_durans	Actinomyces_massiliensis	Corynebacterium_pyruviciproducens	Bacillus_aerius	Vibrio_parahaemolyticus	Streptococcus_sp_HPH0090	Avibacterium_paragallinarum
