Prevotella_stercorea	Bacteroides_uniformis	Alistipes_putredinis	Bacteroides_vulgatus	Eubacterium_eligens	Ruminococcus_bromii	Eubacterium_sp_CAG_180	Bifidobacterium_adolescentis	Bacteroides_ovatus	Parabacteroides_distasonis	Bacteroides_coprocola	Fusicatenibacter_saccharivorans	Roseburia_hominis	Bifidobacterium_pseudocatenulatum	Bifidobacterium_longum	Bacteroides_eggerthii	Megamonas_funiformis	Bacteroides_thetaiotaomicron	Bacteroides_finegoldii	Eubacterium_rectale	Prevotella_sp_CAG_279	Akkermansia_muciniphila	Mitsuokella_multacida	Bacteroides_coprophilus	Corynebacterium_argentoratense	Klebsiella_aerogenes	Lactobacillus_vaginalis	Lactobacillus_frumenti	Actinomyces_radicidentis	Citrobacter_pasteurii	Scardovia_wiggsiae	Streptococcus_sobrinus	Fusobacterium_ulcerans	Clostridium_sp_CAG_964	Roseburia_sp_CAG_309	Prevotella_buccalis	Brachyspira_pilosicoli	Anaerotruncus_sp_CAG_528	Collinsella_intestinalis	Olsenella_scatoligenes	Allisonella_histaminiformans	Pseudomonas_fragi	Leuconostoc_mesenteroides	Clostridium_butyricum	Actinomyces_graevenitzii	Bifidobacterium_animalis	Clostridium_sp_CAG_242	Porphyromonas_sp_HMSC065F10	Porphyromonas_asaccharolytica	Flavonifractor_sp_An10	Enterococcus_mundtii	Leuconostoc_pseudomesenteroides	Lachnospiraceae_bacterium_2_1_46FAA	Prevotella_bivia	Enterococcus_gallinarum	Fusobacterium_periodonticum	Streptococcus_gallolyticus	Eubacterium_sp_OM08_24	Bacteroides_sartorii	Bacteroides_sp_D2	Lachnospiraceae_bacterium_oral_taxon_096	Clostridium_sp_CAG_413	Gardnerella_vaginalis	Lactobacillus_agilis	Aggregatibacter_aphrophilus	Streptococcus_lutetiensis	Rothia_aeria	Corynebacterium_durum	Geobacillus_stearothermophilus	Actinomyces_johnsonii	Streptococcus_sanguinis	Streptococcus_sp_F0442	Escherichia_albertii	Enterococcus_avium	Haemophilus_pittmaniae	Gemella_morbillorum	Gemella_haemolysans	Clostridium_neonatale	Streptococcus_milleri	Streptococcus_cristatus	Granulicatella_adiacens	Ruminococcus_sp_CAG_624	Streptococcus_downei	Parascardovia_denticolens	Actinomyces_sp_oral_taxon_448	Catenibacterium_mitsuokai	Actinobaculum_sp_oral_taxon_183	Lactobacillus_pentosus	Enterococcus_raffinosus	Fusobacterium_varium	Enterococcus_faecalis	Prevotella_timonensis	Fusobacterium_nucleatum	Porphyromonas_uenonis	Methanosphaera_stadtmanae	Flavonifractor_sp_An100	Stenotrophomonas_maltophilia	Lactobacillus_reuteri	Enterococcus_hirae	Prevotella_disiens	Campylobacter_hominis	Saccharomyces_cerevisiae	Kluyvera_cryocrescens	Enterococcus_casseliflavus	Bacillus_coagulans	Eubacterium_sulci	Proteus_mirabilis	Streptococcus_australis	Clavibacter_michiganensis	Corynebacterium_falsenii	Blautia_hydrogenotrophica	Lactobacillus_sakei	Proteus_vulgaris	Macrococcus_caseolyticus	Proteus_penneri	Veillonella_sp_CAG_933	Megasphaera_stantonii	Citrobacter_europaeus	Megamonas_rupellensis	Porphyromonas_endodontalis	Neisseria_subflava	Mycobacterium_avium	Morganella_morganii	Phascolarctobacterium_sp_CAG_266	Pediococcus_acidilactici	Edwardsiella_tarda	Corynebacterium_variabile	Firmicutes_bacterium_CAG_646	Eubacterium_dolichum_CAG_375	Absiella_dolichum	Parabacteroides_sp_426_9	Haemophilus_haemolyticus	Staphylococcus_carnosus	Fusobacterium_sp_oral_taxon_370	Parvimonas_micra	Raoultella_terrigena	Leclercia_adecarboxylata	Desulfovibrio_sp_An276	Citrobacter_gillenii	Pedobacter_himalayensis	Veillonellaceae_bacterium_DNF00626	Campylobacter_gracilis	Prevotella_sp_885	Bacteroides_sp_CAG_530	Bifidobacterium_catenulatum	Enterococcus_durans	Anaeroglobus_geminatus	Actinomyces_sp_S6_Spd3	Atopobium_vaginae	Finegoldia_magna	Dorea_sp_CAG_317	Enterobacter_bugandensis	Kosakonia_cowanii	Kluyvera_intermedia	Kluyvera_georgiana	Lautropia_mirabilis	Pyramidobacter_sp_C12_8	Citrobacter_koseri	Aeromonas_caviae	Oribacterium_sinus	Pseudocitrobacter_faecalis	Veillonella_rodentium	Lactobacillus_pontis	Desulfovibrio_vulgaris	Aeromonas_media	Aeromonas_hydrophila	Anaerostipes_caccae	Acinetobacter_junii	Aeromonas_dhakensis	Neisseria_sicca	Selenomonas_noxia	Acinetobacter_johnsonii	Faecalicatena_orotica	Prevotella_sp_CAG_485	Oribacterium_parvum	Providencia_rettgeri	Abiotrophia_sp_HMSC24B09	Oligella_ureolytica	Actinomyces_turicensis	Anaerofustis_stercorihominis	Actinomyces_sp_HPA0247	Firmicutes_bacterium_CAG_555	Paenibacillus_sp_7884_2	Bacteroidales_bacterium_KA00251	Dialister_micraerophilus	Atopobium_minutum
