Faecalibacterium_prausnitzii	Eubacterium_rectale	Eubacterium_siraeum	Bacteroides_coprocola	Bacteroides_uniformis	Bacteroides_vulgatus	Anaerostipes_hadrus	Fusicatenibacter_saccharivorans	Eubacterium_eligens	Bacteroides_stercoris	Bacteroides_ovatus	Alistipes_inops	Ruminococcus_bromii	Dorea_longicatena	Bacteroides_dorei	Phascolarctobacterium_sp_CAG_266	Eubacterium_sp_CAG_38	Parabacteroides_merdae	Escherichia_coli	Eubacterium_hallii	Odoribacter_splanchnicus	Parabacteroides_distasonis	Bacteroides_thetaiotaomicron	Prevotella_copri	Firmicutes_bacterium_CAG_83	Bacteroides_xylanisolvens	Bifidobacterium_longum	Prevotella_sp_CAG_1185	Ruminococcus_torques	Alistipes_finegoldii	Prevotella_stercorea	Proteobacteria_bacterium_CAG_139	Bifidobacterium_adolescentis	Roseburia_intestinalis	Roseburia_inulinivorans	Veillonella_parvula	Lachnospira_pectinoschiza	Bacteroides_intestinalis	Prevotella_sp_CAG_279	Ruminococcus_gnavus	Bacteroides_fragilis	Prevotella_sp_CAG_520	Bacteroides_cellulosilyticus	Clostridium_clostridioforme	Dialister_invisus	Eubacterium_sp_CAG_180	Phascolarctobacterium_succinatutens	Alistipes_sp_An31A	Akkermansia_muciniphila	Prevotella_sp_CAG_1124	Bacteroides_sp_CAG_443	Bacteroides_clarus	Alistipes_putredinis	Faecalitalea_cylindroides	Blautia_sp_CAG_257	Butyrivibrio_crossotus	Bacteroides_eggerthii	Prevotella_sp_CAG_755	Firmicutes_bacterium_CAG_110	Alistipes_onderdonkii	Eubacterium_sp_CAG_251	Bacteroides_sp_CAG_661	Parabacteroides_johnsonii	Butyrivibrio_sp_CAG_318	Catenibacterium_mitsuokai	Clostridium_sp_CAG_413	Firmicutes_bacterium_CAG_145	Bacteroides_faecis_CAG_32	Lactobacillus_salivarius	Ruminococcus_sp_CAG_624	Prevotella_sp_CAG_485	Prevotella_sp_AM42_24	Acidaminococcus_intestini	Mitsuokella_multacida	Megasphaera_sp_DISK_18	Bacteroides_sp_CAG_598	Prevotella_sp_CAG_924	Megasphaera_elsdenii	Anaerotruncus_sp_CAG_528	Odoribacter_laneus	Prevotella_sp_CAG_873	Lactobacillus_amylovorus	Clostridium_sp_CAG_964	Blautia_coccoides	Candidatus_Methanomassiliicoccus_intestinalis	Clostridium_sp_CAG_632	Clostridium_scindens	Haemophilus_paraphrohaemolyticus	Leuconostoc_carnosum	Actinomyces_odontolyticus	Lactobacillus_fermentum	Lactobacillus_gasseri	Clostridium_sp_D5	Lactobacillus_plantarum	Bifidobacterium_breve	Citrobacter_portucalensis	Eubacterium_limosum	Eubacterium_callanderi	Butyribacterium_methylotrophicum	Acinetobacter_nosocomialis	Blastocystis_sp_subtype_1	Actinomyces_sp_ICM47	Actinomyces_graevenitzii	Megamonas_funiformis_CAG_377	Massiliomicrobiota_timonensis	Clostridium_paraputrificum	Haemophilus_sputorum	Clostridium_celatum	Clostridium_perfringens	Aggregatibacter_segnis	Saccharomyces_cerevisiae	Kosakonia_cowanii	Aggregatibacter_aphrophilus	Haemophilus_haemolyticus	Enterobacter_bugandensis	Lachnospiraceae_bacterium_oral_taxon_096	Eubacterium_sulci	Solobacterium_moorei	Clostridium_butyricum	Veillonella_denticariosi	Comamonas_kerstersii	Bacteroides_sp_CAG_462	Bacteroides_sp_43_108	Prevotella_bivia	Prevotella_sp_CAG_1092	Eubacterium_coprostanoligenes	Flavonifractor_sp_An82	Subdoligranulum_variabile	Flavonifractor_sp_An306	Lactobacillus_curvatus	Streptococcus_peroris	Enterococcus_devriesei	Pediococcus_acidilactici	Streptococcus_cristatus	Streptococcus_milleri	Gemella_haemolysans	Fusobacterium_nucleatum	Lachnoclostridium_sp_An181	Blautia_sp_An249	Lachnoclostridium_sp_An118	Mogibacterium_diversum	Leuconostoc_mesenteroides	Clostridiales_bacterium_CHKCI006	Lactonifactor_longoviformis	Lachnoclostridium_sp_An76	Actinomyces_sp_S6_Spd3	Corynebacterium_argentoratense	Lactobacillus_sakei	Streptococcus_lutetiensis	Lactobacillus_reuteri	Prevotella_sp_CAG_891	Actinomyces_turicensis	Porphyromonas_uenonis	Megasphaera_hexanoica	Escherichia_marmotae	Leuconostoc_gelidum	Murimonas_intestini	Faecalicatena_orotica	Lactobacillus_homohiochii	Peptoniphilus_sp_HMSC062D09	Prevotella_bergensis	Lachnoclostridium_sp_An196	Citrobacter_pasteurii	Carnobacterium_divergens	Bacteroides_sp_CAG_927	Lactobacillus_oris	Prevotella_sp_CAG_1058	Lactobacillus_rhamnosus	Prevotella_denticola	Clostridium_ventriculi	Lactobacillus_ultunensis	Prevotella_sp_CAG_1031	Lactobacillus_iners	Atopobium_minutum	Campylobacter_jejuni	Actinomyces_sp_HMSC035G02	Lactobacillus_fructivorans	Helicobacter_pullorum	Streptococcus_infantarius	Fusobacterium_varium	Lactococcus_petauri	Weissella_confusa	Citrobacter_koseri	Lachnospiraceae_bacterium_2_1_46FAA	Megamonas_rupellensis	Streptococcus_pasteurianus	Enterococcus_gallinarum	Enterococcus_dispar	Lactobacillus_parabuchneri	Rhodococcus_erythropolis	Rhodococcus_qingshengii	Phyllobacterium_myrsinacearum	Streptococcus_massiliensis	Actinomyces_oris	Granulicatella_adiacens	Butyricicoccus_pullicaecorum	Clostridium_baratii	Anaerofustis_stercorihominis	Escherichia_fergusonii	Bifidobacterium_pullorum	Bifidobacterium_gallinarum	Bifidobacterium_saeculare	Eubacterium_sp_An11	Peptoniphilus_harei	Rikenella_microfusus	Anaeromassilibacillus_sp_An172	Sneathia_amnii	Gardnerella_vaginalis	Atopobium_vaginae	Parvimonas_sp_KA00067	Dialister_micraerophilus	Mageeibacillus_indolicus	Prevotella_colorans	Fusobacterium_equinum	Gemmiger_sp_An87	Bacteroides_fluxus	Pediococcus_pentosaceus	Staphylococcus_carnosus	Actinomyces_viscosus	Actinomyces_sp_oral_taxon_448	Actinobaculum_sp_oral_taxon_183	Lactobacillus_brevis	Lactobacillus_buchneri	Stomatobaculum_longum	Actinomyces_sp_oral_taxon_180	Atopobium_rimae	Lactobacillus_saerimneri	Peptostreptococcus_stomatis	Alistipes_sp_CAG_831	Mediterranea_sp_An20	Barnesiella_viscericola	Lactobacillus_algidus	Kluyvera_cryocrescens	Anaerococcus_vaginalis	Eubacterium_brachy	Oribacterium_parvum	Eubacterium_infirmum	Mogibacterium_timidum	Leuconostoc_lactis	Veillonella_sp_CAG_933	Enterococcus_hirae	Streptococcus_pneumoniae	Acinetobacter_towneri	Acinetobacter_junii	Clostridium_hylemonae	Gemella_asaccharolytica	Fusobacterium_sp_oral_taxon_370	Achromobacter_xylosoxidans	Morganella_morganii	Clostridium_neonatale	Actinomyces_naeslundii	Citrobacter_farmeri	Enterococcus_avium	Campylobacter_ureolyticus	Proteus_mirabilis	Actinobaculum_massiliense	Aeromonas_veronii	Kluyvera_georgiana	Aeromonas_media	Proteus_hauseri	Eubacterium_saphenum	Selenomonas_artemidis	Macrococcus_caseolyticus	Parascardovia_denticolens	Pedobacter_nutrimenti	Lactobacillus_alimentarius	Lactococcus_raffinolactis	Corynebacterium_durum	Actinomyces_sp_oral_taxon_414	Bifidobacterium_scardovii	Citrobacter_europaeus	Terrisporobacter_othiniensis	Leuconostoc_citreum	Lactococcus_garvieae	Staphylococcus_succinus	Porphyromonas_sp_HMSC065F10	Gemmiger_sp_An194	Bifidobacterium_thermacidophilum	Lactobacillus_agilis	Lactobacillus_harbinensis	Eikenella_corrodens	Chlamydia_ibidis	Bifidobacterium_pseudolongum	Lactobacillus_hilgardii	Achromobacter_denitrificans	Lactobacillus_johnsonii	Achromobacter_ruhlandii	Propionibacterium_acidifaciens	Fusobacterium_naviforme	Paeniclostridium_sordellii	Citrobacter_amalonaticus	Streptococcus_viridans	Prevotella_sp_CAG_1320	Methanosphaera_cuniculi	Peptostreptococcus_sp_MV1	Prevotella_intermedia	Porphyromonas_endodontalis	Bacteroides_coagulans	Slackia_exigua	Enterococcus_casseliflavus	Actinotignum_schaalii	Veillonella_seminalis	Clostridioides_difficile	Lactobacillus_pentosus	Selenomonas_sp_F0473	Peptococcus_niger	Bacteroidales_bacterium_KA00251	Veillonellaceae_bacterium_DNF00626	Peptoniphilus_lacrimalis	Prevotella_sp_S7_1_8	Campylobacter_curvus	Lactobacillus_parafarraginis	Fusobacterium_periodonticum	Serratia_liquefaciens	Veillonella_rodentium	Haemophilus_quentini	Weissella_thailandensis	Streptococcus_agalactiae	Gemmiger_sp_An50	Parvimonas_sp_oral_taxon_393	Enterococcus_durans	Actinomyces_massiliensis	Corynebacterium_pyruviciproducens	Bacillus_aerius	Vibrio_parahaemolyticus	Streptococcus_sp_HPH0090	Avibacterium_paragallinarum
