Bacteroides_vulgatus	Eubacterium_rectale	Faecalibacterium_prausnitzii	Alistipes_putredinis	Bacteroides_uniformis	Bacteroides_thetaiotaomicron	Bacteroides_ovatus	Bacteroides_stercoris	Prevotella_copri	Parabacteroides_distasonis	Bifidobacterium_adolescentis	Ruminococcus_bicirculans	Bacteroides_fragilis	Eubacterium_siraeum	Prevotella_stercorea	Bacteroides_caccae	Roseburia_faecis	Lachnospira_pectinoschiza	Escherichia_coli	Bacteroides_cellulosilyticus	Bacteroides_massiliensis	Eubacterium_sp_CAG_38	Eubacterium_sp_OM08_24	Eubacterium_sp_CAG_180	Bacteroides_intestinalis	Roseburia_inulinivorans	Bacteroides_plebeius	Bacteroides_coprophilus	Bacteroides_eggerthii	Bacteroides_dorei	Roseburia_intestinalis	Clostridium_bolteae	Ruminococcus_bromii	Bacteroides_coprocola	Firmicutes_bacterium_CAG_95	Bifidobacterium_breve	Fusobacterium_ulcerans	Acidaminococcus_intestini	Phascolarctobacterium_succinatutens	Prevotella_sp_CAG_5226	Lactobacillus_ruminis	Lactobacillus_amylovorus	Lactobacillus_salivarius	Ruminococcus_obeum_CAG_39	Bacteroides_oleiciplenus	Actinomyces_cardiffensis	Porphyromonas_gingivalis	Leuconostoc_mesenteroides	Vibrio_kanaloae	Citrobacter_europaeus	Peptostreptococcus_anaerobius	Veillonellaceae_bacterium_DNF00626	Gemmiger_sp_An50	Anaerococcus_vaginalis	Gemella_asaccharolytica	Peptoniphilus_lacrimalis	Prevotella_colorans	Porphyromonas_sp_HMSC065F10	Lactobacillus_kitasatonis	Clostridium_sp_7_2_43FAA	Bifidobacterium_pseudolongum	Lactobacillus_helveticus	Neisseria_subflava	Vibrio_fluvialis	Shewanella_algae	Lactobacillus_pontis	Desulfovibrio_legallii	Serratia_ureilytica	Anaerobiospirillum_thomasii	Mageeibacillus_indolicus	Atopobium_minutum	Tissierellia_bacterium_KA00581	Megasphaera_sp_DISK_18	Halomonas_boliviensis	Megasphaera_sp_MJR8396C	Xanthomonas_phaseoli	Helicobacter_pylori	Brachyspira_pilosicoli	Escherichia_albertii	Eubacterium_maltosivorans	Butyribacterium_methylotrophicum	Mycolicibacterium_obuense	Kocuria_indica	Sphingopyxis_granuli	Bosea_vaviloviae	Stenotrophomonas_rhizophila	Kocuria_marina	Haemophilus_pittmaniae	Streptococcus_sp_M334	Microlunatus_phosphovorus	Sphingopyxis_terrae	Aggregatibacter_sp_oral_taxon_458	Pseudomonas_fragi	Pseudocitrobacter_faecalis	Fusobacterium_sp_oral_taxon_370	Kluyvera_cryocrescens	Fusobacterium_necrogenes	Prevotella_sp_CAG_755	Staphylococcus_aureus	Streptococcus_peroris	Rothia_dentocariosa	Streptococcus_sobrinus	Corynebacterium_durum	Stomatobaculum_longum	Veillonella_denticariosi	Lachnoanaerobaculum_saburreum	Actinomyces_sp_oral_taxon_180	Staphylococcus_xylosus	Rothia_aeria	Actinomyces_johnsonii	Paraclostridium_bifermentans	Selenomonas_noxia	Neisseria_macacae	Alloprevotella_tannerae	Barnesiella_sp_An22	Peptoniphilus_harei	Lactobacillus_iners	Porphyromonas_endodontalis	Eggerthia_catenaformis	Ileibacterium_valens	Leuconostoc_kimchii	Haemophilus_quentini	Morococcus_cerebrosus	Haemophilus_haemolyticus	Corynebacterium_variabile	Chlamydia_ibidis	Pseudoalteromonas_tetraodonis	Meiothermus_silvanus	Pseudoalteromonas_undina	Pseudoalteromonas_nigrifaciens	Streptococcus_equinus	Bacteroides_caecimuris	Lactobacillus_agilis	Firmicutes_bacterium_CAG_555	Lactobacillus_pentosus	Citrobacter_farmeri	Lactobacillus_dextrinicus	Megasphaera_cerevisiae	Veillonella_seminalis	Proteus_vulgaris	Cardiobacterium_valvarum	Streptococcus_viridans	Prevotella_sp_CAG_1092	Odoribacter_laneus	Neisseria_sp_oral_taxon_014	Bacteroides_sp_CAG_927	Anaerococcus_lactolyticus	Prevotella_oris	Bacteroides_coagulans	Lawsonella_clevelandensis	Peptoniphilus_duerdenii	Peptoniphilus_coxii	Peptococcus_niger	Corynebacterium_amycolatum	Corynebacterium_aurimucosum	Criibacterium_bergeronii	Dialister_micraerophilus	Peptoniphilus_sp_HMSC062D09	Marvinbryantia_formatexigens	Gemmiger_sp_An87	Providencia_stuartii	Lactobacillus_kefiri	Clostridium_sp_MSTE9	Neisseria_perflava	Prevotella_denticola	Lachnoclostridium_sp_An14	Methanobrevibacter_arboriphilus	Anaerofilum_sp_An201	Flavonifractor_sp_An10	Clostridium_sp_CAG_632	Corynebacterium_matruchotii	Pseudomonas_aeruginosa_group	Dorea_sp_D27	Robinsoniella_sp_RHS	Clostridium_sp_CAG_964	Bacteroides_sp_CAG_661	Eubacterium_sp_68_3_10	Clostridium_argentinense	Lachnoclostridium_phytofermentans	Clostridium_sp_SY8519	Dysgonomonas_gadei	Bacteroides_xylanolyticus	Pluralibacter_gergoviae	Atlantibacter_hermannii	Prevotella_sp_oral_taxon_376	Campylobacter_showae	Clostridium_baratii
